,Id,Probability
0,3636,0.277171
1,3637,0.136624
2,3638,0.710653
3,3639,0.029516
4,3640,0.217866
5,3641,0.855088
6,3642,0.153261
7,3643,0.597352
8,3644,0.311305
9,3645,0.310198
10,3646,0.860228
11,3647,0.931846
12,3648,0.237787
13,3649,0.302515
14,3650,0.479168
15,3651,0.114159
16,3652,0.005036
17,3653,0.266313
18,3654,0.133876
19,3655,0.715995
20,3656,0.602002
21,3657,0.918759
22,3658,0.291658
23,3659,0.101003
24,3660,0.554329
25,3661,0.078404
26,3662,0.486145
27,3663,0.094216
28,3664,0.200854
29,3665,0.151774
30,3666,0.185350
31,3667,0.228817
32,3668,0.918231
33,3669,0.007934
34,3670,0.927036
35,3671,0.582352
36,3672,0.456062
37,3673,0.937733
38,3674,0.024336
39,3675,0.809837
40,3676,0.832648
41,3677,0.650553
42,3678,0.842234
43,3679,0.156559
44,3680,0.602640
45,3681,0.527677
46,3682,0.060365
47,3683,0.085266
48,3684,0.024773
49,3685,0.574180
50,3686,0.129924
51,3687,0.574046
52,3688,0.001615
53,3689,0.638313
54,3690,0.191512
55,3691,0.006078
56,3692,0.542473
57,3693,0.064237
58,3694,0.587989
59,3695,0.904188
60,3696,0.935228
61,3697,0.385212
62,3698,0.559494
63,3699,0.269734
64,3700,0.092492
65,3701,0.218399
66,3702,0.510721
67,3703,0.938106
68,3704,0.581356
69,3705,0.284152
70,3706,0.233236
71,3707,0.284750
72,3708,0.944003
73,3709,0.053767
74,3710,0.033311
75,3711,0.619863
76,3712,0.829913
77,3713,0.896856
78,3714,0.004630
79,3715,0.692199
80,3716,0.332184
81,3717,0.565188
82,3718,0.019444
83,3719,0.138582
84,3720,0.019784
85,3721,0.019466
86,3722,0.125111
87,3723,0.240367
88,3724,0.362132
89,3725,0.054108
90,3726,0.689184
91,3727,0.051175
92,3728,0.719629
93,3729,0.782432
94,3730,0.811903
95,3731,0.120173
96,3732,0.898491
97,3733,0.257284
98,3734,0.718918
99,3735,0.888442
100,3736,0.078914
101,3737,0.481771
102,3738,0.925370
103,3739,0.604137
104,3740,0.457224
105,3741,0.822632
106,3742,0.921949
107,3743,0.829405
108,3744,0.455133
109,3745,0.041534
110,3746,0.196446
111,3747,0.625010
112,3748,0.071747
113,3749,0.424084
114,3750,0.528306
115,3751,0.016599
116,3752,0.522072
117,3753,0.519355
118,3754,0.081036
119,3755,0.325963
120,3756,0.009214
121,3757,0.651831
122,3758,0.925418
123,3759,0.465659
124,3760,0.178709
125,3761,0.072773
126,3762,0.072628
127,3763,0.938937
128,3764,0.941012
129,3765,0.060102
130,3766,0.893068
131,3767,0.669008
132,3768,0.710653
133,3769,0.007086
134,3770,0.871538
135,3771,0.296294
136,3772,0.228527
137,3773,0.430531
138,3774,0.318705
139,3775,0.003056
140,3776,0.288119
141,3777,0.618357
142,3778,0.663537
143,3779,0.521944
144,3780,0.350749
145,3781,0.452259
146,3782,0.011804
147,3783,0.581356
148,3784,0.256228
149,3785,0.085256
150,3786,0.013467
151,3787,0.897294
152,3788,0.895919
153,3789,0.756674
154,3790,0.492809
155,3791,0.355045
156,3792,0.009745
157,3793,0.942830
158,3794,0.575984
159,3795,0.635651
160,3796,0.158342
161,3797,0.877820
162,3798,0.105733
163,3799,0.554572
164,3800,0.008681
165,3801,0.355240
166,3802,0.114368
167,3803,0.000754
168,3804,0.292781
169,3805,0.170371
170,3806,0.018045
171,3807,0.198022
172,3808,0.630159
173,3809,0.645050
174,3810,0.186583
175,3811,0.665170
176,3812,0.246564
177,3813,0.099258
178,3814,0.235078
179,3815,0.924027
180,3816,0.602002
181,3817,0.037995
182,3818,0.163471
183,3819,0.810946
184,3820,0.056274
185,3821,0.937309
186,3822,0.886949
187,3823,0.012948
188,3824,0.331989
189,3825,0.247449
190,3826,0.849884
191,3827,0.919422
192,3828,0.512949
193,3829,0.936434
194,3830,0.364041
195,3831,0.914178
196,3832,0.270543
197,3833,0.148376
198,3834,0.050138
199,3835,0.230071
200,3836,0.896321
201,3837,0.028447
202,3838,0.526959
203,3839,0.064695
204,3840,0.130935
205,3841,0.280328
206,3842,0.112492
207,3843,0.028165
208,3844,0.614626
209,3845,0.324327
210,3846,0.935489
211,3847,0.064597
212,3848,0.905131
213,3849,0.050734
214,3850,0.395077
215,3851,0.312109
216,3852,0.047935
217,3853,0.874447
218,3854,0.609394
219,3855,0.024532
220,3856,0.274245
221,3857,0.115102
222,3858,0.040655
223,3859,0.114401
224,3860,0.117970
225,3861,0.908329
226,3862,0.357058
227,3863,0.531835
228,3864,0.203438
229,3865,0.537746
230,3866,0.073372
231,3867,0.909904
232,3868,0.597352
233,3869,0.158995
234,3870,0.138488
235,3871,0.354053
236,3872,0.428633
237,3873,0.147601
238,3874,0.531456
239,3875,0.023746
240,3876,0.550018
241,3877,0.041815
242,3878,0.213722
243,3879,0.893409
244,3880,0.328349
245,3881,0.449404
246,3882,0.008516
247,3883,0.043694
248,3884,0.637622
249,3885,0.828054
250,3886,0.002222
251,3887,0.918002
252,3888,0.935926
253,3889,0.429726
254,3890,0.571668
255,3891,0.003740
256,3892,0.809164
257,3893,0.047528
258,3894,0.287052
259,3895,0.050186
260,3896,0.878240
261,3897,0.063552
262,3898,0.166365
263,3899,0.385832
264,3900,0.878240
265,3901,0.116638
266,3902,0.023410
267,3903,0.497949
268,3904,0.001935
269,3905,0.151894
270,3906,0.494198
271,3907,0.002160
272,3908,0.026289
273,3909,0.794385
274,3910,0.016553
275,3911,0.325354
276,3912,0.958290
277,3913,0.048127
278,3914,0.056598
279,3915,0.328578
280,3916,0.018023
281,3917,0.938937
282,3918,0.121120
283,3919,0.346327
284,3920,0.375480
285,3921,0.660376
286,3922,0.611461
287,3923,0.012805
288,3924,0.812949
289,3925,0.155890
290,3926,0.112915
291,3927,0.109780
292,3928,0.497242
293,3929,0.607904
294,3930,0.466460
295,3931,0.561306
296,3932,0.086479
297,3933,0.014923
298,3934,0.267634
299,3935,0.002455
300,3936,0.079911
301,3937,0.956226
302,3938,0.395772
303,3939,0.013240
304,3940,0.817109
305,3941,0.835234
306,3942,0.943947
307,3943,0.015744
308,3944,0.140546
309,3945,0.939161
310,3946,0.447087
311,3947,0.572991
312,3948,0.397242
313,3949,0.254595
314,3950,0.147675
315,3951,0.438962
316,3952,0.125528
317,3953,0.163163
318,3954,0.321367
319,3955,0.050138
320,3956,0.012079
321,3957,0.560008
322,3958,0.111057
323,3959,0.851721
324,3960,0.009643
325,3961,0.870537
326,3962,0.035816
327,3963,0.896711
328,3964,0.331549
329,3965,0.526976
330,3966,0.684005
331,3967,0.646433
332,3968,0.009869
333,3969,0.147815
334,3970,0.085127
335,3971,0.564920
336,3972,0.032418
337,3973,0.189444
338,3974,0.202910
339,3975,0.472445
340,3976,0.698000
341,3977,0.888786
342,3978,0.279063
343,3979,0.292246
344,3980,0.576225
345,3981,0.868379
346,3982,0.963772
347,3983,0.628458
348,3984,0.123964
349,3985,0.865641
350,3986,0.063974
351,3987,0.002523
352,3988,0.964182
353,3989,0.484503
354,3990,0.455510
355,3991,0.737063
356,3992,0.662017
357,3993,0.502839
358,3994,0.551086
359,3995,0.130817
360,3996,0.278196
361,3997,0.549267
362,3998,0.002717
363,3999,0.529645
364,4000,0.032470
365,4001,0.581596
366,4002,0.132719
367,4003,0.031027
368,4004,0.763269
369,4005,0.582877
370,4006,0.081403
371,4007,0.444604
372,4008,0.615557
373,4009,0.114161
374,4010,0.321883
375,4011,0.164165
376,4012,0.928274
377,4013,0.443550
378,4014,0.516180
379,4015,0.008069
380,4016,0.329254
381,4017,0.910874
382,4018,0.570594
383,4019,0.432163
384,4020,0.435942
385,4021,0.012737
386,4022,0.349117
387,4023,0.060129
388,4024,0.892557
389,4025,0.477441
390,4026,0.296801
391,4027,0.499706
392,4028,0.021697
393,4029,0.093503
394,4030,0.212706
395,4031,0.895489
396,4032,0.970726
397,4033,0.139921
398,4034,0.528534
399,4035,0.341172
400,4036,0.255726
401,4037,0.435608
402,4038,0.859688
403,4039,0.215383
404,4040,0.103621
405,4041,0.377859
406,4042,0.076296
407,4043,0.539499
408,4044,0.798116
409,4045,0.137859
410,4046,0.235795
411,4047,0.046814
412,4048,0.593275
413,4049,0.003322
414,4050,0.937733
415,4051,0.028181
416,4052,0.281619
417,4053,0.032940
418,4054,0.754375
419,4055,0.559765
420,4056,0.720839
421,4057,0.532464
422,4058,0.320321
423,4059,0.050344
424,4060,0.041292
425,4061,0.472637
426,4062,0.007733
427,4063,0.403753
428,4064,0.318608
429,4065,0.068708
430,4066,0.793795
431,4067,0.814074
432,4068,0.532464
433,4069,0.255938
434,4070,0.026439
435,4071,0.116766
436,4072,0.884880
437,4073,0.481771
438,4074,0.590212
439,4075,0.710653
440,4076,0.479544
441,4077,0.070115
442,4078,0.918759
443,4079,0.239064
444,4080,0.383626
445,4081,0.261681
446,4082,0.679475
447,4083,0.446184
448,4084,0.914908
449,4085,0.072628
450,4086,0.940608
451,4087,0.089161
452,4088,0.001820
453,4089,0.538190
454,4090,0.069193
455,4091,0.305465
456,4092,0.317626
457,4093,0.028154
458,4094,0.429879
459,4095,0.029516
460,4096,0.011166
461,4097,0.216419
462,4098,0.897943
463,4099,0.664381
464,4100,0.329990
465,4101,0.051024
466,4102,0.495691
467,4103,0.144038
468,4104,0.094261
469,4105,0.839207
470,4106,0.116352
471,4107,0.663936
472,4108,0.906489
473,4109,0.142767
474,4110,0.713492
475,4111,0.919224
476,4112,0.719629
477,4113,0.137465
478,4114,0.218399
479,4115,0.308867
480,4116,0.533255
481,4117,0.059347
482,4118,0.868050
483,4119,0.582146
484,4120,0.893370
485,4121,0.683084
486,4122,0.909069
487,4123,0.329365
488,4124,0.287913
489,4125,0.260848
490,4126,0.138402
491,4127,0.639771
492,4128,0.120386
493,4129,0.115017
494,4130,0.093030
495,4131,0.004233
496,4132,0.081448
497,4133,0.948225
498,4134,0.676699
499,4135,0.113079
500,4136,0.080642
501,4137,0.355440
502,4138,0.874265
503,4139,0.463175
504,4140,0.546670
505,4141,0.933760
506,4142,0.148622
507,4143,0.643385
508,4144,0.161949
509,4145,0.093503
510,4146,0.296824
511,4147,0.132847
512,4148,0.009313
513,4149,0.015161
514,4150,0.014541
515,4151,0.607197
516,4152,0.108659
517,4153,0.232465
518,4154,0.173457
519,4155,0.465513
520,4156,0.138128
521,4157,0.388876
522,4158,0.417371
523,4159,0.002775
524,4160,0.504968
525,4161,0.129267
526,4162,0.244455
527,4163,0.548879
528,4164,0.258202
529,4165,0.904593
530,4166,0.604137
531,4167,0.811586
532,4168,0.842996
533,4169,0.243369
534,4170,0.109780
535,4171,0.151115
536,4172,0.160677
537,4173,0.187734
538,4174,0.435287
539,4175,0.611514
540,4176,0.116168
541,4177,0.132715
542,4178,0.901595
543,4179,0.886949
544,4180,0.034456
545,4181,0.027583
546,4182,0.050186
547,4183,0.514217
548,4184,0.206855
549,4185,0.457967
550,4186,0.030712
551,4187,0.093416
552,4188,0.029640
553,4189,0.428347
554,4190,0.003255
555,4191,0.646814
556,4192,0.633829
557,4193,0.062246
558,4194,0.521480
559,4195,0.892557
560,4196,0.172155
561,4197,0.320504
562,4198,0.062253
563,4199,0.450956
564,4200,0.109617
565,4201,0.949236
566,4202,0.864051
567,4203,0.871022
568,4204,0.924774
569,4205,0.087680
570,4206,0.629774
571,4207,0.078642
572,4208,0.204218
573,4209,0.097119
574,4210,0.937889
575,4211,0.758271
576,4212,0.424725
577,4213,0.059085
578,4214,0.045258
579,4215,0.646488
580,4216,0.095236
581,4217,0.935105
582,4218,0.426868
583,4219,0.422997
584,4220,0.624170
585,4221,0.025315
586,4222,0.433507
587,4223,0.920388
588,4224,0.651618
589,4225,0.042252
590,4226,0.411992
591,4227,0.001148
592,4228,0.049762
593,4229,0.008041
594,4230,0.960643
595,4231,0.948884
596,4232,0.598459
597,4233,0.083895
598,4234,0.224976
599,4235,0.271152
600,4236,0.911933
601,4237,0.665329
602,4238,0.184397
603,4239,0.581356
604,4240,0.120770
605,4241,0.946018
606,4242,0.020914
607,4243,0.391802
608,4244,0.592279
609,4245,0.710990
610,4246,0.037233
611,4247,0.000557
612,4248,0.083564
613,4249,0.096435
614,4250,0.093196
615,4251,0.922437
616,4252,0.549267
617,4253,0.499460
618,4254,0.925039
619,4255,0.491785
620,4256,0.941835
621,4257,0.236393
622,4258,0.099258
623,4259,0.483142
624,4260,0.003893
625,4261,0.115797
626,4262,0.399373
627,4263,0.733395
628,4264,0.077914
629,4265,0.131994
630,4266,0.836274
631,4267,0.263654
632,4268,0.932384
633,4269,0.386917
634,4270,0.581118
635,4271,0.797551
636,4272,0.001288
637,4273,0.101019
638,4274,0.122794
639,4275,0.504723
640,4276,0.955044
641,4277,0.368260
642,4278,0.954731
643,4279,0.060979
644,4280,0.614626
645,4281,0.136819
646,4282,0.532927
647,4283,0.959162
648,4284,0.477887
649,4285,0.784669
650,4286,0.128803
651,4287,0.646613
652,4288,0.361819
653,4289,0.887882
654,4290,0.079573
655,4291,0.033431
656,4292,0.940608
657,4293,0.834953
658,4294,0.482941
659,4295,0.525807
660,4296,0.062388
661,4297,0.923471
662,4298,0.737063
663,4299,0.036893
664,4300,0.395355
665,4301,0.564883
666,4302,0.732771
667,4303,0.157888
668,4304,0.381704
669,4305,0.374662
670,4306,0.050264
671,4307,0.919102
672,4308,0.205956
673,4309,0.033684
674,4310,0.250597
675,4311,0.928993
676,4312,0.309989
677,4313,0.834371
678,4314,0.921988
679,4315,0.433784
680,4316,0.663341
681,4317,0.749671
682,4318,0.939365
683,4319,0.142593
684,4320,0.045188
685,4321,0.367184
686,4322,0.028839
687,4323,0.676396
688,4324,0.230741
689,4325,0.704364
690,4326,0.650673
691,4327,0.355045
692,4328,0.739955
693,4329,0.052444
694,4330,0.319030
695,4331,0.377536
696,4332,0.755964
697,4333,0.050264
698,4334,0.872740
699,4335,0.150776
700,4336,0.643811
701,4337,0.027681
702,4338,0.901198
703,4339,0.578400
704,4340,0.252976
705,4341,0.881820
706,4342,0.392668
707,4343,0.428588
708,4344,0.363078
709,4345,0.636843
710,4346,0.251527
711,4347,0.779995
712,4348,0.397304
713,4349,0.788529
714,4350,0.338972
715,4351,0.073073
716,4352,0.018548
717,4353,0.115748
718,4354,0.015042
719,4355,0.950980
720,4356,0.146881
721,4357,0.927036
722,4358,0.166759
723,4359,0.419706
724,4360,0.053776
725,4361,0.162215
726,4362,0.439170
727,4363,0.228318
728,4364,0.107860
729,4365,0.224200
730,4366,0.013148
731,4367,0.556869
732,4368,0.049851
733,4369,0.561706
734,4370,0.959215
735,4371,0.137879
736,4372,0.089834
737,4373,0.919224
738,4374,0.443447
739,4375,0.057248
740,4376,0.656638
741,4377,0.879220
742,4378,0.148164
743,4379,0.126278
744,4380,0.368677
745,4381,0.955862
746,4382,0.115077
747,4383,0.751341
748,4384,0.943723
749,4385,0.954960
750,4386,0.641436
751,4387,0.884721
752,4388,0.022830
753,4389,0.006601
754,4390,0.035890
755,4391,0.855929
756,4392,0.016966
757,4393,0.151774
758,4394,0.487274
759,4395,0.629927
760,4396,0.011422
761,4397,0.946876
762,4398,0.075217
763,4399,0.592279
764,4400,0.034662
765,4401,0.402715
766,4402,0.544968
767,4403,0.687485
768,4404,0.932778
769,4405,0.124158
770,4406,0.018228
771,4407,0.510475
772,4408,0.067166
773,4409,0.670218
774,4410,0.002203
775,4411,0.096456
776,4412,0.575334
777,4413,0.581232
778,4414,0.043174
779,4415,0.292246
780,4416,0.929553
781,4417,0.745766
782,4418,0.696874
783,4419,0.424084
784,4420,0.551694
785,4421,0.203999
786,4422,0.734696
787,4423,0.451760
788,4424,0.012995
789,4425,0.908329
790,4426,0.860823
791,4427,0.752199
792,4428,0.781278
793,4429,0.516913
794,4430,0.003326
795,4431,0.121010
796,4432,0.368211
797,4433,0.467600
798,4434,0.230724
799,4435,0.691553
800,4436,0.070552
801,4437,0.912152
802,4438,0.159713
803,4439,0.116261
804,4440,0.710653
805,4441,0.332695
806,4442,0.371825
807,4443,0.189981
808,4444,0.706101
809,4445,0.502803
810,4446,0.941336
811,4447,0.589601
812,4448,0.053286
813,4449,0.181106
814,4450,0.509524
815,4451,0.130710
816,4452,0.939917
817,4453,0.124882
818,4454,0.091734
819,4455,0.062591
820,4456,0.648424
821,4457,0.695158
822,4458,0.022945
823,4459,0.757632
824,4460,0.419762
825,4461,0.089258
826,4462,0.551086
827,4463,0.279906
828,4464,0.683481
829,4465,0.916822
830,4466,0.153772
831,4467,0.697074
832,4468,0.033596
833,4469,0.715162
834,4470,0.060686
835,4471,0.021868
836,4472,0.017980
837,4473,0.798733
838,4474,0.074806
839,4475,0.116788
840,4476,0.696612
841,4477,0.515980
842,4478,0.660035
843,4479,0.946018
844,4480,0.369454
845,4481,0.955366
846,4482,0.027988
847,4483,0.681206
848,4484,0.826956
849,4485,0.642859
850,4486,0.137009
851,4487,0.241530
852,4488,0.101728
853,4489,0.005298
854,4490,0.260259
855,4491,0.009234
856,4492,0.002854
857,4493,0.020857
858,4494,0.916096
859,4495,0.403753
860,4496,0.936806
861,4497,0.454348
862,4498,0.015313
863,4499,0.934146
864,4500,0.050096
865,4501,0.917774
866,4502,0.900721
867,4503,0.358795
868,4504,0.493952
869,4505,0.512703
870,4506,0.013421
871,4507,0.880577
872,4508,0.582877
873,4509,0.062078
874,4510,0.875450
875,4511,0.002053
876,4512,0.550460
877,4513,0.930811
878,4514,0.614626
879,4515,0.454712
880,4516,0.070779
881,4517,0.870552
882,4518,0.497914
883,4519,0.654033
884,4520,0.115936
885,4521,0.299836
886,4522,0.794185
887,4523,0.547050
888,4524,0.910498
889,4525,0.803755
890,4526,0.940684
891,4527,0.492161
892,4528,0.443665
893,4529,0.468341
894,4530,0.099258
895,4531,0.643995
896,4532,0.898734
897,4533,0.156057
898,4534,0.463196
899,4535,0.111264
900,4536,0.028790
901,4537,0.344127
902,4538,0.495548
903,4539,0.447551
904,4540,0.868939
905,4541,0.364938
906,4542,0.483997
907,4543,0.598459
908,4544,0.072808
